<?xml version="1.0"?>
<?mso-application progid="Excel.Sheet"?>
<Workbook xmlns="urn:schemas-microsoft-com:office:spreadsheet"
 xmlns:o="urn:schemas-microsoft-com:office:office"
 xmlns:x="urn:schemas-microsoft-com:office:excel"
 xmlns:ss="urn:schemas-microsoft-com:office:spreadsheet"
 xmlns:html="http://www.w3.org/TR/REC-html40">
 <DocumentProperties xmlns="urn:schemas-microsoft-com:office:office">
  <Author>Allan Crone</Author>
  <LastAuthor>Kshitij Malik</LastAuthor>
  <Created>2006-10-02T07:59:43Z</Created>
  <LastSaved>2020-11-21T00:02:26Z</LastSaved>
  <Company>Mentor Graphics</Company>
  <Version>16.00</Version>
 </DocumentProperties>
 <OfficeDocumentSettings xmlns="urn:schemas-microsoft-com:office:office">
  <AllowPNG/>
 </OfficeDocumentSettings>
 <ExcelWorkbook xmlns="urn:schemas-microsoft-com:office:excel">
  <WindowHeight>9310</WindowHeight>
  <WindowWidth>16000</WindowWidth>
  <WindowTopX>32767</WindowTopX>
  <WindowTopY>32767</WindowTopY>
  <TabRatio>416</TabRatio>
  <ActiveSheet>1</ActiveSheet>
  <ProtectStructure>False</ProtectStructure>
  <ProtectWindows>False</ProtectWindows>
 </ExcelWorkbook>
 <Styles>
  <Style ss:ID="Default" ss:Name="Normal">
   <Alignment ss:Vertical="Bottom"/>
   <Borders/>
   <Font ss:FontName="Arial" x:Family="Swiss"/>
   <Interior/>
   <NumberFormat/>
   <Protection/>
  </Style>
  <Style ss:ID="s62">
   <NumberFormat ss:Format="General Date"/>
  </Style>
  <Style ss:ID="s63">
   <NumberFormat ss:Format="@"/>
  </Style>
  <Style ss:ID="s64">
   <Font ss:FontName="Arial" x:Family="Swiss" ss:Size="16" ss:Bold="1"
    ss:Italic="1" ss:Underline="Single"/>
   <NumberFormat ss:Format="@"/>
  </Style>
  <Style ss:ID="s65">
   <Borders>
    <Border ss:Position="Bottom" ss:LineStyle="Continuous" ss:Weight="2"/>
    <Border ss:Position="Left" ss:LineStyle="Continuous" ss:Weight="2"/>
    <Border ss:Position="Right" ss:LineStyle="Continuous" ss:Weight="2"/>
    <Border ss:Position="Top" ss:LineStyle="Continuous" ss:Weight="2"/>
   </Borders>
   <Font ss:FontName="Arial" x:Family="Swiss" ss:Size="14" ss:Bold="1"/>
   <Interior ss:Color="#99CCFF" ss:Pattern="Solid"/>
   <NumberFormat ss:Format="@"/>
  </Style>
  <Style ss:ID="s66">
   <Borders>
    <Border ss:Position="Bottom" ss:LineStyle="Continuous" ss:Weight="2"/>
    <Border ss:Position="Left" ss:LineStyle="Continuous" ss:Weight="2"/>
    <Border ss:Position="Right" ss:LineStyle="Continuous" ss:Weight="2"/>
    <Border ss:Position="Top" ss:LineStyle="Continuous" ss:Weight="2"/>
   </Borders>
   <Font ss:FontName="Arial" x:Family="Swiss" ss:Size="14" ss:Bold="1"/>
   <Interior ss:Color="#99CCFF" ss:Pattern="Solid"/>
  </Style>
  <Style ss:ID="s67">
   <Borders>
    <Border ss:Position="Bottom" ss:LineStyle="Continuous" ss:Weight="2"/>
    <Border ss:Position="Left" ss:LineStyle="Continuous" ss:Weight="2"/>
    <Border ss:Position="Right" ss:LineStyle="Continuous" ss:Weight="2"/>
    <Border ss:Position="Top" ss:LineStyle="Continuous" ss:Weight="2"/>
   </Borders>
   <Font ss:FontName="Arial" x:Family="Swiss" ss:Bold="1"/>
   <Interior ss:Color="#B4C6E7" ss:Pattern="Solid"/>
   <NumberFormat ss:Format="@"/>
  </Style>
  <Style ss:ID="s68">
   <Borders>
    <Border ss:Position="Bottom" ss:LineStyle="Continuous" ss:Weight="2"/>
    <Border ss:Position="Left" ss:LineStyle="Continuous" ss:Weight="2"/>
    <Border ss:Position="Right" ss:LineStyle="Continuous" ss:Weight="2"/>
    <Border ss:Position="Top" ss:LineStyle="Continuous" ss:Weight="2"/>
   </Borders>
   <Font ss:FontName="Arial" x:Family="Swiss"/>
   <Interior ss:Color="#B4C6E7" ss:Pattern="Solid"/>
  </Style>
  <Style ss:ID="s69">
   <Borders>
    <Border ss:Position="Bottom" ss:LineStyle="Continuous" ss:Weight="2"/>
    <Border ss:Position="Right" ss:LineStyle="Continuous" ss:Weight="2"/>
    <Border ss:Position="Top" ss:LineStyle="Continuous" ss:Weight="2"/>
   </Borders>
   <Font ss:FontName="Arial" x:Family="Swiss" ss:Bold="1"/>
   <Interior ss:Color="#B4C6E7" ss:Pattern="Solid"/>
  </Style>
  <Style ss:ID="s70">
   <Alignment ss:Vertical="Top" ss:WrapText="1"/>
   <Borders>
    <Border ss:Position="Bottom" ss:LineStyle="Continuous" ss:Weight="2"/>
    <Border ss:Position="Left" ss:LineStyle="Continuous" ss:Weight="2"/>
    <Border ss:Position="Right" ss:LineStyle="Continuous" ss:Weight="2"/>
    <Border ss:Position="Top" ss:LineStyle="Continuous" ss:Weight="2"/>
   </Borders>
   <Font ss:FontName="Arial" x:Family="Swiss"/>
   <Interior ss:Color="#B4C6E7" ss:Pattern="Solid"/>
   <NumberFormat ss:Format="@"/>
  </Style>
  <Style ss:ID="s71">
   <Alignment ss:Vertical="Top" ss:WrapText="1"/>
   <Borders>
    <Border ss:Position="Bottom" ss:LineStyle="Continuous" ss:Weight="2"/>
    <Border ss:Position="Left" ss:LineStyle="Continuous" ss:Weight="2"/>
    <Border ss:Position="Right" ss:LineStyle="Continuous" ss:Weight="2"/>
    <Border ss:Position="Top" ss:LineStyle="Continuous" ss:Weight="2"/>
   </Borders>
   <Font ss:FontName="Arial" x:Family="Swiss"/>
   <Interior ss:Color="#B4C6E7" ss:Pattern="Solid"/>
   <NumberFormat/>
  </Style>
  <Style ss:ID="s72">
   <Alignment ss:Vertical="Top" ss:WrapText="1"/>
   <Borders>
    <Border ss:Position="Bottom" ss:LineStyle="Continuous" ss:Weight="2"/>
    <Border ss:Position="Right" ss:LineStyle="Continuous" ss:Weight="2"/>
    <Border ss:Position="Top" ss:LineStyle="Continuous" ss:Weight="2"/>
   </Borders>
   <Font ss:FontName="Arial" x:Family="Swiss"/>
   <Interior ss:Color="#B4C6E7" ss:Pattern="Solid"/>
   <NumberFormat/>
  </Style>
  <Style ss:ID="s73">
   <Alignment ss:Vertical="Top" ss:WrapText="1"/>
   <Borders>
    <Border ss:Position="Bottom" ss:LineStyle="Continuous" ss:Weight="2"/>
    <Border ss:Position="Left" ss:LineStyle="Continuous" ss:Weight="2"/>
    <Border ss:Position="Top" ss:LineStyle="Continuous" ss:Weight="2"/>
   </Borders>
   <Font ss:FontName="Arial" x:Family="Swiss"/>
   <Interior ss:Color="#C0C0C0" ss:Pattern="Solid"/>
   <NumberFormat ss:Format="@"/>
  </Style>
  <Style ss:ID="s74">
   <Alignment ss:Vertical="Top" ss:WrapText="1"/>
   <Borders>
    <Border ss:Position="Bottom" ss:LineStyle="Continuous" ss:Weight="1"/>
    <Border ss:Position="Left" ss:LineStyle="Continuous" ss:Weight="1"/>
    <Border ss:Position="Right" ss:LineStyle="Continuous" ss:Weight="1"/>
    <Border ss:Position="Top" ss:LineStyle="Continuous" ss:Weight="1"/>
   </Borders>
   <Font ss:FontName="Arial" x:Family="Swiss"/>
  </Style>
  <Style ss:ID="s75">
   <Alignment ss:Vertical="Top" ss:WrapText="1"/>
   <Borders>
    <Border ss:Position="Bottom" ss:LineStyle="Continuous" ss:Weight="1"/>
    <Border ss:Position="Left" ss:LineStyle="Continuous" ss:Weight="1"/>
    <Border ss:Position="Right" ss:LineStyle="Continuous" ss:Weight="1"/>
    <Border ss:Position="Top" ss:LineStyle="Continuous" ss:Weight="1"/>
   </Borders>
   <Font ss:FontName="Arial" x:Family="Swiss"/>
   <Interior/>
   <NumberFormat/>
  </Style>
  <Style ss:ID="s76">
   <Alignment ss:Vertical="Top" ss:WrapText="1"/>
   <Borders>
    <Border ss:Position="Bottom" ss:LineStyle="Continuous" ss:Weight="2"/>
    <Border ss:Position="Right" ss:LineStyle="Continuous" ss:Weight="2"/>
    <Border ss:Position="Top" ss:LineStyle="Continuous" ss:Weight="2"/>
   </Borders>
   <Font ss:FontName="Arial" x:Family="Swiss"/>
   <Interior ss:Color="#C0C0C0" ss:Pattern="Solid"/>
   <NumberFormat/>
  </Style>
  <Style ss:ID="s77">
   <Alignment ss:Vertical="Top" ss:WrapText="1"/>
   <Borders/>
   <Font ss:FontName="Arial" x:Family="Swiss"/>
  </Style>
  <Style ss:ID="s78">
   <Alignment ss:Vertical="Top" ss:WrapText="1"/>
   <Borders/>
   <Font ss:FontName="Arial" x:Family="Swiss"/>
   <Interior/>
   <NumberFormat/>
  </Style>
  <Style ss:ID="s79">
   <Alignment ss:Vertical="Top" ss:WrapText="1"/>
   <Borders>
    <Border ss:Position="Bottom" ss:LineStyle="Continuous" ss:Weight="2"/>
    <Border ss:Position="Left" ss:LineStyle="Continuous" ss:Weight="2"/>
    <Border ss:Position="Top" ss:LineStyle="Continuous" ss:Weight="2"/>
   </Borders>
   <Font ss:FontName="Arial" x:Family="Swiss"/>
   <Interior ss:Color="#B4C6E7" ss:Pattern="Solid"/>
   <NumberFormat ss:Format="@"/>
  </Style>
  <Style ss:ID="s80">
   <Alignment ss:Vertical="Top" ss:WrapText="1"/>
   <Borders/>
   <Font ss:FontName="Arial" x:Family="Swiss"/>
   <Interior ss:Color="#B4C6E7" ss:Pattern="Solid"/>
  </Style>
  <Style ss:ID="s81">
   <Alignment ss:Vertical="Top" ss:WrapText="1"/>
   <Borders/>
   <Font ss:FontName="Arial" x:Family="Swiss"/>
   <Interior ss:Color="#B4C6E7" ss:Pattern="Solid"/>
   <NumberFormat/>
  </Style>
  <Style ss:ID="s82">
   <Alignment ss:Vertical="Top" ss:WrapText="1"/>
   <Borders>
    <Border ss:Position="Bottom" ss:LineStyle="Continuous" ss:Weight="1"/>
    <Border ss:Position="Left" ss:LineStyle="Continuous" ss:Weight="1"/>
    <Border ss:Position="Right" ss:LineStyle="Continuous" ss:Weight="1"/>
   </Borders>
   <Font ss:FontName="Arial" x:Family="Swiss"/>
   <Interior/>
   <NumberFormat/>
  </Style>
 </Styles>
 <Worksheet ss:Name="_LINK_DETAILS">
  <Table ss:ExpandedColumnCount="7" ss:ExpandedRowCount="1" x:FullColumns="1"
   x:FullRows="1" ss:DefaultRowHeight="13.25">
   <Column ss:Index="7" ss:Width="83"/>
   <Row ss:AutoFitHeight="0">
    <Cell ss:Index="4"><Data ss:Type="String">AHB to WB Bridge Test Plan</Data></Cell>
    <Cell><Data ss:Type="String">C:\Users\nisha\Google Drive\Data\MS\NCSU\Fall 20\ECE748\Project\P3\merge.ucdb</Data></Cell>
    <Cell><Data ss:Type="String">C:\Users\Public\QuestaExcelAddInCache\testplan.xml.AHB to WB Bridge Test Plan</Data></Cell>
    <Cell ss:StyleID="s62"><Data ss:Type="DateTime">2020-11-23T12:39:17.000</Data></Cell>
   </Row>
  </Table>
  <WorksheetOptions xmlns="urn:schemas-microsoft-com:office:excel">
   <PageSetup>
    <Header x:Margin="0.3"/>
    <Footer x:Margin="0.3"/>
    <PageMargins x:Bottom="0.75" x:Left="0.7" x:Right="0.7" x:Top="0.75"/>
   </PageSetup>
   <Unsynced/>
   <ProtectObjects>False</ProtectObjects>
   <ProtectScenarios>False</ProtectScenarios>
  </WorksheetOptions>
 </Worksheet>
 <Worksheet ss:Name="AHB to WB Bridge Test Plan">
  <Table ss:ExpandedColumnCount="10" ss:ExpandedRowCount="36" x:FullColumns="1"
   x:FullRows="1" ss:DefaultColumnWidth="53" ss:DefaultRowHeight="12">
   <Column ss:StyleID="s63" ss:AutoFitWidth="0" ss:Width="68"/>
   <Column ss:AutoFitWidth="0" ss:Width="190"/>
   <Column ss:Width="244"/>
   <Column ss:AutoFitWidth="0" ss:Width="239"/>
   <Column ss:AutoFitWidth="0" ss:Width="81"/>
   <Column ss:AutoFitWidth="0" ss:Width="62"/>
   <Column ss:AutoFitWidth="0" ss:Width="45"/>
   <Column ss:AutoFitWidth="0" ss:Width="81" ss:Span="2"/>
   <Row ss:AutoFitHeight="0" ss:Height="22">
    <Cell ss:StyleID="s64"><Data ss:Type="String">Verification Plan for layered testbench</Data></Cell>
   </Row>
   <Row ss:AutoFitHeight="0" ss:Height="13"/>
   <Row ss:AutoFitHeight="0" ss:Height="18">
    <Cell ss:StyleID="s65"><Data ss:Type="String">#</Data></Cell>
    <Cell ss:StyleID="s66"><Data ss:Type="String">Section</Data></Cell>
    <Cell ss:StyleID="s66"><Data ss:Type="String">Description</Data></Cell>
    <Cell ss:StyleID="s66"><Data ss:Type="String">Link</Data></Cell>
    <Cell ss:StyleID="s66"><Data ss:Type="String">Type</Data></Cell>
    <Cell ss:StyleID="s66"><Data ss:Type="String">Weight</Data></Cell>
    <Cell ss:StyleID="s66"><Data ss:Type="String">Goal</Data></Cell>
    <Cell ss:StyleID="s66"><Data ss:Type="String">Owner</Data></Cell>
    <Cell ss:StyleID="s66"><Data ss:Type="String">Manager</Data></Cell>
    <Cell ss:StyleID="s66"><Data ss:Type="String">Priority</Data></Cell>
   </Row>
   <Row ss:AutoFitHeight="0" ss:Height="18">
    <Cell ss:StyleID="s67"/>
    <Cell ss:StyleID="s68"><Data ss:Type="String">Simulation </Data></Cell>
    <Cell ss:StyleID="s69"/>
    <Cell ss:StyleID="s69"/>
    <Cell ss:StyleID="s69"/>
    <Cell ss:StyleID="s69"/>
    <Cell ss:StyleID="s69"/>
    <Cell ss:StyleID="s69"/>
    <Cell ss:StyleID="s69"/>
    <Cell ss:StyleID="s69"/>
   </Row>
   <Row ss:AutoFitHeight="0" ss:Height="13.75">
    <Cell ss:StyleID="s70"><Data ss:Type="String">1</Data></Cell>
    <Cell ss:StyleID="s71"><Data ss:Type="String">ALU Instruction Coverage</Data></Cell>
    <Cell ss:StyleID="s72"/>
    <Cell ss:StyleID="s72"/>
    <Cell ss:StyleID="s72"/>
    <Cell ss:StyleID="s72"/>
    <Cell ss:StyleID="s72"/>
    <Cell ss:StyleID="s72"/>
    <Cell ss:StyleID="s72"/>
    <Cell ss:StyleID="s72"/>
   </Row>
   <Row ss:AutoFitHeight="0" ss:Height="13">
    <Cell ss:StyleID="s73"><Data ss:Type="String">1.1</Data></Cell>
    <Cell ss:StyleID="s74"><Data ss:Type="String">ALU opcode</Data></Cell>
    <Cell ss:StyleID="s74"><Data ss:Type="String">Coverpoint for ALU opcode</Data></Cell>
    <Cell ss:StyleID="s74"><Data ss:Type="String">ALU_instructions::opcode</Data></Cell>
    <Cell ss:StyleID="s74"><Data ss:Type="String">Coverpoint</Data></Cell>
    <Cell ss:StyleID="s75"><Data ss:Type="Number">1</Data></Cell>
    <Cell ss:StyleID="s75"><Data ss:Type="Number">100</Data></Cell>
    <Cell ss:StyleID="s76"><Data ss:Type="String">kshitij</Data></Cell>
    <Cell ss:StyleID="s76"><Data ss:Type="String">bob</Data></Cell>
    <Cell ss:StyleID="s76"><Data ss:Type="Number">1</Data></Cell>
   </Row>
   <Row ss:AutoFitHeight="0" ss:Height="13">
    <Cell ss:StyleID="s73"><Data ss:Type="String">1.2</Data></Cell>
    <Cell ss:StyleID="s74"><Data ss:Type="String">ALU SR1</Data></Cell>
    <Cell ss:StyleID="s74"><Data ss:Type="String">Coverpoint for ALU source register 1</Data></Cell>
    <Cell ss:StyleID="s74"><Data ss:Type="String">ALU_instructions::sr1</Data></Cell>
    <Cell ss:StyleID="s74"><Data ss:Type="String">Coverpoint</Data></Cell>
    <Cell ss:StyleID="s75"><Data ss:Type="Number">1</Data></Cell>
    <Cell ss:StyleID="s75"><Data ss:Type="Number">100</Data></Cell>
    <Cell ss:StyleID="s76"><Data ss:Type="String">kshitij</Data></Cell>
    <Cell ss:StyleID="s76"><Data ss:Type="String">bob</Data></Cell>
    <Cell ss:StyleID="s76"><Data ss:Type="Number">1</Data></Cell>
   </Row>
   <Row ss:AutoFitHeight="0" ss:Height="13">
    <Cell ss:StyleID="s73"><Data ss:Type="String">1.3</Data></Cell>
    <Cell ss:StyleID="s74"><Data ss:Type="String">ALU SR2</Data></Cell>
    <Cell ss:StyleID="s74"><Data ss:Type="String">Coverpoint for alu source register 2</Data></Cell>
    <Cell ss:StyleID="s74"><Data ss:Type="String">ALU_instructions::sr2</Data></Cell>
    <Cell ss:StyleID="s74"><Data ss:Type="String">Coverpoint</Data></Cell>
    <Cell ss:StyleID="s75"><Data ss:Type="Number">1</Data></Cell>
    <Cell ss:StyleID="s75"><Data ss:Type="Number">100</Data></Cell>
    <Cell ss:StyleID="s76"><Data ss:Type="String">kshitij</Data></Cell>
    <Cell ss:StyleID="s76"><Data ss:Type="String">bob</Data></Cell>
    <Cell ss:StyleID="s76"><Data ss:Type="Number">1</Data></Cell>
   </Row>
   <Row ss:AutoFitHeight="0" ss:Height="13">
    <Cell ss:StyleID="s73"><Data ss:Type="String">1.4</Data></Cell>
    <Cell ss:StyleID="s74"><Data ss:Type="String">ALU DR</Data></Cell>
    <Cell ss:StyleID="s74"><Data ss:Type="String">Coverpoint for ALU destination register</Data></Cell>
    <Cell ss:StyleID="s74"><Data ss:Type="String">ALU_instructions::dr</Data></Cell>
    <Cell ss:StyleID="s74"><Data ss:Type="String">Coverpoint</Data></Cell>
    <Cell ss:StyleID="s75"><Data ss:Type="Number">1</Data></Cell>
    <Cell ss:StyleID="s75"><Data ss:Type="Number">100</Data></Cell>
    <Cell ss:StyleID="s76"><Data ss:Type="String">kshitij</Data></Cell>
    <Cell ss:StyleID="s76"><Data ss:Type="String">bob</Data></Cell>
    <Cell ss:StyleID="s76"><Data ss:Type="Number">1</Data></Cell>
   </Row>
   <Row ss:AutoFitHeight="0" ss:Height="13">
    <Cell ss:StyleID="s73"><Data ss:Type="String">1.5</Data></Cell>
    <Cell ss:StyleID="s74"><Data ss:Type="String">ALU IMMEDIATE</Data></Cell>
    <Cell ss:StyleID="s74"><Data ss:Type="String">Coverpoint for ALU immediate values</Data></Cell>
    <Cell ss:StyleID="s74"><Data ss:Type="String">ALU_instructions::immediate</Data></Cell>
    <Cell ss:StyleID="s74"><Data ss:Type="String">Coverpoint</Data></Cell>
    <Cell ss:StyleID="s75"><Data ss:Type="Number">1</Data></Cell>
    <Cell ss:StyleID="s75"><Data ss:Type="Number">100</Data></Cell>
    <Cell ss:StyleID="s76"><Data ss:Type="String">kshitij</Data></Cell>
    <Cell ss:StyleID="s76"><Data ss:Type="String">bob</Data></Cell>
    <Cell ss:StyleID="s76"><Data ss:Type="Number">1</Data></Cell>
   </Row>
   <Row ss:AutoFitHeight="0" ss:Height="13">
    <Cell ss:StyleID="s73"><Data ss:Type="String">1.6</Data></Cell>
    <Cell ss:StyleID="s77"><Data ss:Type="String">ALU OPCODE TRANSITIONS</Data></Cell>
    <Cell ss:StyleID="s77"><Data ss:Type="String">Coverpoint for ALU opcode transitions</Data></Cell>
    <Cell ss:StyleID="s77"><Data ss:Type="String">ALU_instructions::opcode_transitions</Data></Cell>
    <Cell ss:StyleID="s77"><Data ss:Type="String">Coverpoint</Data></Cell>
    <Cell ss:StyleID="s78"><Data ss:Type="Number">1</Data></Cell>
    <Cell ss:StyleID="s78"><Data ss:Type="Number">100</Data></Cell>
    <Cell ss:StyleID="s76"><Data ss:Type="String">kshitij</Data></Cell>
    <Cell ss:StyleID="s76"><Data ss:Type="String">bob</Data></Cell>
    <Cell ss:StyleID="s76"><Data ss:Type="Number">1</Data></Cell>
   </Row>
   <Row ss:AutoFitHeight="0" ss:Height="13">
    <Cell ss:StyleID="s79"><Data ss:Type="String">2</Data></Cell>
    <Cell ss:StyleID="s80"><Data ss:Type="String">Control Instructions</Data></Cell>
    <Cell ss:StyleID="s80"/>
    <Cell ss:StyleID="s80"/>
    <Cell ss:StyleID="s80"/>
    <Cell ss:StyleID="s81"/>
    <Cell ss:StyleID="s81"/>
    <Cell ss:StyleID="s72"/>
    <Cell ss:StyleID="s72"/>
    <Cell ss:StyleID="s72"/>
   </Row>
   <Row ss:AutoFitHeight="0" ss:Height="13">
    <Cell ss:StyleID="s73"><Data ss:Type="String">2.1</Data></Cell>
    <Cell ss:StyleID="s74"><Data ss:Type="String">Control opcode</Data></Cell>
    <Cell ss:StyleID="s74"><Data ss:Type="String">Coverpoint for Control opcode</Data></Cell>
    <Cell ss:StyleID="s74"><Data ss:Type="String">CONTROL_instructions::opcode</Data></Cell>
    <Cell ss:StyleID="s74"><Data ss:Type="String">Coverpoint</Data></Cell>
    <Cell ss:StyleID="s75"><Data ss:Type="Number">1</Data></Cell>
    <Cell ss:StyleID="s75"><Data ss:Type="Number">100</Data></Cell>
    <Cell ss:StyleID="s76"><Data ss:Type="String">kshitij</Data></Cell>
    <Cell ss:StyleID="s76"><Data ss:Type="String">bob</Data></Cell>
    <Cell ss:StyleID="s76"><Data ss:Type="Number">1</Data></Cell>
   </Row>
   <Row ss:AutoFitHeight="0" ss:Height="13">
    <Cell ss:StyleID="s73"><Data ss:Type="String">2.2</Data></Cell>
    <Cell ss:StyleID="s74"><Data ss:Type="String">Control NZP</Data></Cell>
    <Cell ss:StyleID="s74"><Data ss:Type="String">Coverpoint for Control NZP</Data></Cell>
    <Cell ss:StyleID="s74"><Data ss:Type="String">CONTROL_instructions::nzp</Data></Cell>
    <Cell ss:StyleID="s74"><Data ss:Type="String">Coverpoint</Data></Cell>
    <Cell ss:StyleID="s75"><Data ss:Type="Number">1</Data></Cell>
    <Cell ss:StyleID="s75"><Data ss:Type="Number">100</Data></Cell>
    <Cell ss:StyleID="s76"><Data ss:Type="String">kshitij</Data></Cell>
    <Cell ss:StyleID="s76"><Data ss:Type="String">bob</Data></Cell>
    <Cell ss:StyleID="s76"><Data ss:Type="Number">1</Data></Cell>
   </Row>
   <Row ss:AutoFitHeight="0" ss:Height="13">
    <Cell ss:StyleID="s73"><Data ss:Type="String">2.3</Data></Cell>
    <Cell ss:StyleID="s74"><Data ss:Type="String">Control BASER</Data></Cell>
    <Cell ss:StyleID="s74"><Data ss:Type="String">Coverpoint for BaseR for control instructions</Data></Cell>
    <Cell ss:StyleID="s74"><Data ss:Type="String">CONTROL_instructions::baseR</Data></Cell>
    <Cell ss:StyleID="s74"><Data ss:Type="String">Coverpoint</Data></Cell>
    <Cell ss:StyleID="s75"><Data ss:Type="Number">1</Data></Cell>
    <Cell ss:StyleID="s75"><Data ss:Type="Number">100</Data></Cell>
    <Cell ss:StyleID="s76"><Data ss:Type="String">kshitij</Data></Cell>
    <Cell ss:StyleID="s76"><Data ss:Type="String">bob</Data></Cell>
    <Cell ss:StyleID="s76"><Data ss:Type="Number">1</Data></Cell>
   </Row>
   <Row ss:AutoFitHeight="0" ss:Height="13">
    <Cell ss:StyleID="s73"><Data ss:Type="String">2.4</Data></Cell>
    <Cell ss:StyleID="s74"><Data ss:Type="String">Control PCoffset9</Data></Cell>
    <Cell ss:StyleID="s74"><Data ss:Type="String">Coverpoint for Pcoffset 9 for branch instructions</Data></Cell>
    <Cell ss:StyleID="s74"><Data ss:Type="String">CONTROL_instructions::pcoffset9</Data></Cell>
    <Cell ss:StyleID="s74"><Data ss:Type="String">Coverpoint</Data></Cell>
    <Cell ss:StyleID="s75"><Data ss:Type="Number">1</Data></Cell>
    <Cell ss:StyleID="s75"><Data ss:Type="Number">100</Data></Cell>
    <Cell ss:StyleID="s76"><Data ss:Type="String">kshitij</Data></Cell>
    <Cell ss:StyleID="s76"><Data ss:Type="String">bob</Data></Cell>
    <Cell ss:StyleID="s76"><Data ss:Type="Number">1</Data></Cell>
   </Row>
   <Row ss:AutoFitHeight="0" ss:Height="13">
    <Cell ss:StyleID="s73"><Data ss:Type="String">2.5</Data></Cell>
    <Cell ss:StyleID="s74"><Data ss:Type="String">Control opcode transitions</Data></Cell>
    <Cell ss:StyleID="s74"><Data ss:Type="String">Cover opcode transitions for control instructions</Data></Cell>
    <Cell ss:StyleID="s74"><Data ss:Type="String">CONTROL_instructions::opcode_transitions</Data></Cell>
    <Cell ss:StyleID="s74"><Data ss:Type="String">Coverpoint</Data></Cell>
    <Cell ss:StyleID="s75"><Data ss:Type="Number">1</Data></Cell>
    <Cell ss:StyleID="s75"><Data ss:Type="Number">100</Data></Cell>
    <Cell ss:StyleID="s76"><Data ss:Type="String">kshitij</Data></Cell>
    <Cell ss:StyleID="s76"><Data ss:Type="String">bob</Data></Cell>
    <Cell ss:StyleID="s76"><Data ss:Type="Number">1</Data></Cell>
   </Row>
   <Row ss:AutoFitHeight="0" ss:Height="13">
    <Cell ss:StyleID="s70"><Data ss:Type="String">3</Data></Cell>
    <Cell ss:StyleID="s71"><Data ss:Type="String">Memory protocol</Data></Cell>
    <Cell ss:StyleID="s72"/>
    <Cell ss:StyleID="s72"/>
    <Cell ss:StyleID="s72"/>
    <Cell ss:StyleID="s72"><Data ss:Type="Number">1</Data></Cell>
    <Cell ss:StyleID="s72"><Data ss:Type="Number">100</Data></Cell>
    <Cell ss:StyleID="s72"/>
    <Cell ss:StyleID="s72"/>
    <Cell ss:StyleID="s72"/>
   </Row>
   <Row ss:AutoFitHeight="0" ss:Height="13">
    <Cell ss:StyleID="s73"><Data ss:Type="String">3.1</Data></Cell>
    <Cell ss:StyleID="s74"><Data ss:Type="String">MEMORY opcode</Data></Cell>
    <Cell ss:StyleID="s74"><Data ss:Type="String">Cover for various memory instructions</Data></Cell>
    <Cell ss:StyleID="s74"><Data ss:Type="String">MEMORY_instructions::opcode</Data></Cell>
    <Cell ss:StyleID="s74"><Data ss:Type="String">Coverpoint</Data></Cell>
    <Cell ss:StyleID="s75"><Data ss:Type="Number">1</Data></Cell>
    <Cell ss:StyleID="s75"><Data ss:Type="Number">100</Data></Cell>
    <Cell ss:StyleID="s76"><Data ss:Type="String">kshitij</Data></Cell>
    <Cell ss:StyleID="s76"><Data ss:Type="String">bob</Data></Cell>
    <Cell ss:StyleID="s76"><Data ss:Type="Number">1</Data></Cell>
   </Row>
   <Row ss:AutoFitHeight="0" ss:Height="13">
    <Cell ss:StyleID="s73"><Data ss:Type="String">3.2</Data></Cell>
    <Cell ss:StyleID="s74"><Data ss:Type="String">MEMORY SR</Data></Cell>
    <Cell ss:StyleID="s74"><Data ss:Type="String">Cover for source register for memory instructions</Data></Cell>
    <Cell ss:StyleID="s74"><Data ss:Type="String">MEMORY_instructions::sr</Data></Cell>
    <Cell ss:StyleID="s74"><Data ss:Type="String">Coverpoint</Data></Cell>
    <Cell ss:StyleID="s75"><Data ss:Type="Number">1</Data></Cell>
    <Cell ss:StyleID="s75"><Data ss:Type="Number">100</Data></Cell>
    <Cell ss:StyleID="s76"><Data ss:Type="String">kshitij</Data></Cell>
    <Cell ss:StyleID="s76"><Data ss:Type="String">bob</Data></Cell>
    <Cell ss:StyleID="s76"><Data ss:Type="Number">1</Data></Cell>
   </Row>
   <Row ss:AutoFitHeight="0" ss:Height="13">
    <Cell ss:StyleID="s73"><Data ss:Type="String">3.3</Data></Cell>
    <Cell ss:StyleID="s74"><Data ss:Type="String">MEMORY DR</Data></Cell>
    <Cell ss:StyleID="s74"><Data ss:Type="String">Cover for destination register for memory instructions</Data></Cell>
    <Cell ss:StyleID="s74"><Data ss:Type="String">MEMORY_instructions::dr</Data></Cell>
    <Cell ss:StyleID="s74"><Data ss:Type="String">Coverpoint</Data></Cell>
    <Cell ss:StyleID="s75"><Data ss:Type="Number">1</Data></Cell>
    <Cell ss:StyleID="s75"><Data ss:Type="Number">100</Data></Cell>
    <Cell ss:StyleID="s76"><Data ss:Type="String">kshitij</Data></Cell>
    <Cell ss:StyleID="s76"><Data ss:Type="String">bob</Data></Cell>
    <Cell ss:StyleID="s76"><Data ss:Type="Number">1</Data></Cell>
   </Row>
   <Row ss:AutoFitHeight="0" ss:Height="13">
    <Cell ss:StyleID="s73"><Data ss:Type="String">3.4</Data></Cell>
    <Cell ss:StyleID="s74"><Data ss:Type="String">MEMORY BaseR</Data></Cell>
    <Cell ss:StyleID="s74"><Data ss:Type="String">Cover for base register for memory instructions</Data></Cell>
    <Cell ss:StyleID="s74"><Data ss:Type="String">MEMORY_instructions::baseR</Data></Cell>
    <Cell ss:StyleID="s74"><Data ss:Type="String">Coverpoint</Data></Cell>
    <Cell ss:StyleID="s75"><Data ss:Type="Number">1</Data></Cell>
    <Cell ss:StyleID="s75"><Data ss:Type="Number">100</Data></Cell>
    <Cell ss:StyleID="s76"><Data ss:Type="String">kshitij</Data></Cell>
    <Cell ss:StyleID="s76"><Data ss:Type="String">bob</Data></Cell>
    <Cell ss:StyleID="s76"><Data ss:Type="Number">1</Data></Cell>
   </Row>
   <Row ss:AutoFitHeight="0" ss:Height="13">
    <Cell ss:StyleID="s73"><Data ss:Type="String">3.5</Data></Cell>
    <Cell ss:StyleID="s74"><Data ss:Type="String">MEMORY PCoffset9</Data></Cell>
    <Cell ss:StyleID="s74"><Data ss:Type="String">Cover for Pcoffset9 for LD,LDI,LEA,ST,STI</Data></Cell>
    <Cell ss:StyleID="s74"><Data ss:Type="String">MEMORY_instructions::pcoffset9</Data></Cell>
    <Cell ss:StyleID="s74"><Data ss:Type="String">Coverpoint</Data></Cell>
    <Cell ss:StyleID="s75"><Data ss:Type="Number">1</Data></Cell>
    <Cell ss:StyleID="s75"><Data ss:Type="Number">100</Data></Cell>
    <Cell ss:StyleID="s76"><Data ss:Type="String">kshitij</Data></Cell>
    <Cell ss:StyleID="s76"><Data ss:Type="String">bob</Data></Cell>
    <Cell ss:StyleID="s76"><Data ss:Type="Number">1</Data></Cell>
   </Row>
   <Row ss:AutoFitHeight="0" ss:Height="13">
    <Cell ss:StyleID="s73"><Data ss:Type="String">3.6</Data></Cell>
    <Cell ss:StyleID="s77"><Data ss:Type="String">MEMORY PCoffset6</Data></Cell>
    <Cell ss:StyleID="s77"><Data ss:Type="String">Cover for PCoffset6 for LDR and STR</Data></Cell>
    <Cell ss:StyleID="s77"><Data ss:Type="String">MEMORY_instructions::pcoffset6</Data></Cell>
    <Cell ss:StyleID="s74"><Data ss:Type="String">Coverpoint</Data></Cell>
    <Cell ss:StyleID="s82"><Data ss:Type="Number">1</Data></Cell>
    <Cell ss:StyleID="s82"><Data ss:Type="Number">100</Data></Cell>
    <Cell ss:StyleID="s76"><Data ss:Type="String">kshitij</Data></Cell>
    <Cell ss:StyleID="s76"><Data ss:Type="String">bob</Data></Cell>
    <Cell ss:StyleID="s76"><Data ss:Type="Number">1</Data></Cell>
   </Row>
   <Row ss:AutoFitHeight="0" ss:Height="13">
    <Cell ss:StyleID="s70"><Data ss:Type="String">4</Data></Cell>
    <Cell ss:StyleID="s71"><Data ss:Type="String">Memory Access Block</Data></Cell>
    <Cell ss:StyleID="s72"/>
    <Cell ss:StyleID="s72"/>
    <Cell ss:StyleID="s72"/>
    <Cell ss:StyleID="s72"><Data ss:Type="Number">1</Data></Cell>
    <Cell ss:StyleID="s72"><Data ss:Type="Number">100</Data></Cell>
    <Cell ss:StyleID="s72"/>
    <Cell ss:StyleID="s72"/>
    <Cell ss:StyleID="s72"/>
   </Row>
   <Row ss:AutoFitHeight="0" ss:Height="13">
    <Cell ss:StyleID="s73"><Data ss:Type="String">4.1</Data></Cell>
    <Cell ss:StyleID="s77"><Data ss:Type="String">Memory Access States</Data></Cell>
    <Cell ss:StyleID="s77"/>
    <Cell ss:StyleID="s77"><Data ss:Type="String">memaccess_coverage_cg:mem_state</Data></Cell>
    <Cell ss:StyleID="s74"><Data ss:Type="String">CoverPoint</Data></Cell>
    <Cell ss:StyleID="s75"><Data ss:Type="Number">1</Data></Cell>
    <Cell ss:StyleID="s75"><Data ss:Type="Number">100</Data></Cell>
    <Cell ss:StyleID="s76"><Data ss:Type="String">nsuresh3</Data></Cell>
    <Cell ss:StyleID="s76"><Data ss:Type="String">bob</Data></Cell>
    <Cell ss:StyleID="s76"><Data ss:Type="Number">1</Data></Cell>
   </Row>
   <Row ss:AutoFitHeight="0" ss:Height="13">
    <Cell ss:StyleID="s73"><Data ss:Type="String">4.2</Data></Cell>
    <Cell ss:StyleID="s77"><Data ss:Type="String">Memory Access Control</Data></Cell>
    <Cell ss:StyleID="s77"/>
    <Cell ss:StyleID="s77"><Data ss:Type="String">memaccess_coverage_cg:mem_control</Data></Cell>
    <Cell ss:StyleID="s74"><Data ss:Type="String">CoverPoint</Data></Cell>
    <Cell ss:StyleID="s75"><Data ss:Type="Number">1</Data></Cell>
    <Cell ss:StyleID="s75"><Data ss:Type="Number">100</Data></Cell>
    <Cell ss:StyleID="s76"><Data ss:Type="String">nsuresh3</Data></Cell>
    <Cell ss:StyleID="s76"><Data ss:Type="String">bob</Data></Cell>
    <Cell ss:StyleID="s76"><Data ss:Type="Number">1</Data></Cell>
   </Row>
   <Row ss:AutoFitHeight="0" ss:Height="13">
    <Cell ss:StyleID="s73"><Data ss:Type="String">4.3</Data></Cell>
    <Cell ss:StyleID="s77"><Data ss:Type="String">Mem Data</Data></Cell>
    <Cell ss:StyleID="s77"/>
    <Cell ss:StyleID="s77"><Data ss:Type="String">memaccess_coverage_cg:mem_data</Data></Cell>
    <Cell ss:StyleID="s74"><Data ss:Type="String">CoverPoint</Data></Cell>
    <Cell ss:StyleID="s75"><Data ss:Type="Number">1</Data></Cell>
    <Cell ss:StyleID="s75"><Data ss:Type="Number">100</Data></Cell>
    <Cell ss:StyleID="s76"><Data ss:Type="String">nsuresh3</Data></Cell>
    <Cell ss:StyleID="s76"><Data ss:Type="String">bob</Data></Cell>
    <Cell ss:StyleID="s76"><Data ss:Type="Number">1</Data></Cell>
   </Row>
   <Row ss:AutoFitHeight="0" ss:Height="13">
    <Cell ss:StyleID="s73"><Data ss:Type="String">4.4</Data></Cell>
    <Cell ss:StyleID="s77"><Data ss:Type="String">Mem Address</Data></Cell>
    <Cell ss:StyleID="s77"/>
    <Cell ss:StyleID="s77"><Data ss:Type="String">memaccess_coverage_cg:mem_address</Data></Cell>
    <Cell ss:StyleID="s74"><Data ss:Type="String">CoverPoint</Data></Cell>
    <Cell ss:StyleID="s75"><Data ss:Type="Number">1</Data></Cell>
    <Cell ss:StyleID="s75"><Data ss:Type="Number">100</Data></Cell>
    <Cell ss:StyleID="s76"><Data ss:Type="String">nsuresh3</Data></Cell>
    <Cell ss:StyleID="s76"><Data ss:Type="String">bob</Data></Cell>
    <Cell ss:StyleID="s76"><Data ss:Type="Number">1</Data></Cell>
   </Row>
   <Row ss:AutoFitHeight="0" ss:Height="13">
    <Cell ss:StyleID="s73"><Data ss:Type="String">4.5</Data></Cell>
    <Cell ss:StyleID="s77"><Data ss:Type="String">Mem state transitions</Data></Cell>
    <Cell ss:StyleID="s77"/>
    <Cell ss:StyleID="s77"><Data ss:Type="String">memaccess_coverage_cg:mem_state_transition</Data></Cell>
    <Cell ss:StyleID="s74"><Data ss:Type="String">CoverPoint</Data></Cell>
    <Cell ss:StyleID="s75"><Data ss:Type="Number">1</Data></Cell>
    <Cell ss:StyleID="s75"><Data ss:Type="Number">100</Data></Cell>
    <Cell ss:StyleID="s76"><Data ss:Type="String">nsuresh3</Data></Cell>
    <Cell ss:StyleID="s76"/>
    <Cell ss:StyleID="s76"/>
   </Row>
   <Row ss:AutoFitHeight="0" ss:Height="12.5">
    <Cell ss:StyleID="s70"><Data ss:Type="String">5</Data></Cell>
    <Cell ss:StyleID="s71"><Data ss:Type="String">Base_Tests</Data></Cell>
    <Cell ss:StyleID="s72"/>
    <Cell ss:StyleID="s72"/>
    <Cell ss:StyleID="s72"/>
    <Cell ss:StyleID="s72"><Data ss:Type="Number">1</Data></Cell>
    <Cell ss:StyleID="s72"><Data ss:Type="Number">100</Data></Cell>
    <Cell ss:StyleID="s72"/>
    <Cell ss:StyleID="s72"/>
    <Cell ss:StyleID="s72"/>
   </Row>
   <Row ss:AutoFitHeight="0" ss:Height="13.75">
    <Cell ss:StyleID="s73"><Data ss:Type="String">5.1</Data></Cell>
    <Cell ss:StyleID="s77"><Data ss:Type="String">Constrained random ALU instructions</Data></Cell>
    <Cell ss:StyleID="s77"><Data ss:Type="String">Test with random ALU instructions</Data></Cell>
    <Cell ss:StyleID="s77"><Data ss:Type="String">alu_test</Data></Cell>
    <Cell ss:StyleID="s74"><Data ss:Type="String">Test</Data></Cell>
    <Cell ss:StyleID="s75"><Data ss:Type="Number">1</Data></Cell>
    <Cell ss:StyleID="s75"><Data ss:Type="Number">100</Data></Cell>
    <Cell ss:StyleID="s76"><Data ss:Type="String">kshitij</Data></Cell>
    <Cell ss:StyleID="s76"><Data ss:Type="String">bob</Data></Cell>
    <Cell ss:StyleID="s76"><Data ss:Type="Number">1</Data></Cell>
   </Row>
   <Row ss:AutoFitHeight="0" ss:Height="13.75">
    <Cell ss:StyleID="s73"><Data ss:Type="String">5.2</Data></Cell>
    <Cell ss:StyleID="s77"><Data ss:Type="String">Constrained random Memory instructions</Data></Cell>
    <Cell ss:StyleID="s77"><Data ss:Type="String">Test with random Memory instructions</Data></Cell>
    <Cell ss:StyleID="s77"><Data ss:Type="String">memory_test</Data></Cell>
    <Cell ss:StyleID="s74"><Data ss:Type="String">Test</Data></Cell>
    <Cell ss:StyleID="s75"><Data ss:Type="Number">1</Data></Cell>
    <Cell ss:StyleID="s75"><Data ss:Type="Number">100</Data></Cell>
    <Cell ss:StyleID="s76"><Data ss:Type="String">kshitij</Data></Cell>
    <Cell ss:StyleID="s76"><Data ss:Type="String">bob</Data></Cell>
    <Cell ss:StyleID="s76"><Data ss:Type="Number">1</Data></Cell>
   </Row>
   <Row ss:AutoFitHeight="0" ss:Height="13.75">
    <Cell ss:StyleID="s73"><Data ss:Type="String">5.3</Data></Cell>
    <Cell ss:StyleID="s77"><Data ss:Type="String">Constrained random Control instructions</Data></Cell>
    <Cell ss:StyleID="s77"><Data ss:Type="String">Test with random ALU and Memory instructions</Data></Cell>
    <Cell ss:StyleID="s77"><Data ss:Type="String">control_test</Data></Cell>
    <Cell ss:StyleID="s74"><Data ss:Type="String">Test</Data></Cell>
    <Cell ss:StyleID="s75"><Data ss:Type="Number">1</Data></Cell>
    <Cell ss:StyleID="s75"><Data ss:Type="Number">100</Data></Cell>
    <Cell ss:StyleID="s76"><Data ss:Type="String">kshitij</Data></Cell>
    <Cell ss:StyleID="s76"><Data ss:Type="String">bob</Data></Cell>
    <Cell ss:StyleID="s76"><Data ss:Type="Number">1</Data></Cell>
   </Row>
   <Row ss:AutoFitHeight="0" ss:Height="13.75">
    <Cell ss:StyleID="s73"><Data ss:Type="String">5.4</Data></Cell>
    <Cell ss:StyleID="s77"><Data ss:Type="String">Constrained random alu and memory instructions</Data></Cell>
    <Cell ss:StyleID="s77"><Data ss:Type="String">Create random ALU and Memory instructions with data dependency</Data></Cell>
    <Cell ss:StyleID="s77"><Data ss:Type="String">alu_mem_test</Data></Cell>
    <Cell ss:StyleID="s74"><Data ss:Type="String">Test</Data></Cell>
    <Cell ss:StyleID="s75"><Data ss:Type="Number">1</Data></Cell>
    <Cell ss:StyleID="s75"><Data ss:Type="Number">100</Data></Cell>
    <Cell ss:StyleID="s76"><Data ss:Type="String">kshitij</Data></Cell>
    <Cell ss:StyleID="s76"><Data ss:Type="String">bob</Data></Cell>
    <Cell ss:StyleID="s76"><Data ss:Type="Number">1</Data></Cell>
   </Row>
   <Row ss:AutoFitHeight="0">
    <Cell ss:StyleID="s73"><Data ss:Type="String">5.5</Data></Cell>
    <Cell ss:StyleID="s77"><Data ss:Type="String">Random mix instructions</Data></Cell>
    <Cell ss:StyleID="s77"><Data ss:Type="String">Create random ALU and Memory instructions with data dependency</Data></Cell>
    <Cell ss:StyleID="s77"><Data ss:Type="String">test_top</Data></Cell>
    <Cell ss:StyleID="s74"><Data ss:Type="String">Test</Data></Cell>
    <Cell ss:StyleID="s75"><Data ss:Type="Number">1</Data></Cell>
    <Cell ss:StyleID="s75"><Data ss:Type="Number">100</Data></Cell>
    <Cell ss:StyleID="s76"><Data ss:Type="String">kshitij</Data></Cell>
    <Cell ss:StyleID="s76"><Data ss:Type="String">bob</Data></Cell>
    <Cell ss:StyleID="s76"><Data ss:Type="Number">1</Data></Cell>
   </Row>
  </Table>
  <WorksheetOptions xmlns="urn:schemas-microsoft-com:office:excel">
   <PageSetup>
    <Header x:Margin="0.3"/>
    <Footer x:Margin="0.3"/>
    <PageMargins x:Bottom="0.75" x:Left="0.7" x:Right="0.7" x:Top="0.75"/>
   </PageSetup>
   <Unsynced/>
   <Print>
    <ValidPrinterInfo/>
    <PaperSizeIndex>9</PaperSizeIndex>
    <HorizontalResolution>600</HorizontalResolution>
    <VerticalResolution>600</VerticalResolution>
   </Print>
   <Selected/>
   <Panes>
    <Pane>
     <Number>3</Number>
     <ActiveRow>36</ActiveRow>
     <ActiveCol>3</ActiveCol>
    </Pane>
   </Panes>
   <ProtectObjects>False</ProtectObjects>
   <ProtectScenarios>False</ProtectScenarios>
   <x:PageLayoutZoom>0</x:PageLayoutZoom>
  </WorksheetOptions>
 </Worksheet>
</Workbook>
